"operator","inout_travelling","network_type","rating","calldrop_category","latitude","longitude","state_name"
"RJio","Indoor","4G","4","Satisfactory","19.0572298","72.8330207","Maharashtra"
"Airtel","Indoor","Unknown","5","Satisfactory","12.9566116","77.4896417","Karnataka"
"Airtel","Indoor","Unknown","5","Satisfactory","12.9564792","77.48960669","Karnataka"
"Airtel","Indoor","Unknown","5","Satisfactory","12.9564792","77.48960669","Karnataka"
"RJio","Indoor","4G","5","Satisfactory","15.87103333","74.50543167","Karnataka"
"Airtel","Indoor","Unknown","5","Satisfactory","12.9566365","77.4896542","Karnataka"
"Airtel","Indoor","Unknown","5","Satisfactory","12.9566177","77.4896382","Karnataka"
"Airtel","Indoor","Unknown","5","Satisfactory","12.9566103","77.4896475","Karnataka"
"RJio","Indoor","4G","3","Satisfactory","30.11197975","78.29282805","Uttarakhand"
"RJio","Indoor","4G","4","Satisfactory","18.98152633","72.79487573","Maharashtra"
"RJio","Indoor","4G","4","Satisfactory","18.98152633","72.79487573","Maharashtra"
"RJio","Indoor","4G","4","Satisfactory","18.98152633","72.79487573","Maharashtra"
"RJio","Indoor","Unknown","3","Satisfactory","30.11197975","78.29282805","Uttarakhand"
"RJio","Indoor","4G","5","Satisfactory","-1","-1","NA"
"RJio","Indoor","4G","3","Satisfactory","30.11197975","78.29282805","Uttarakhand"
"RJio","Indoor","4G","4","Satisfactory","19.0540211","72.831703","Maharashtra"
"RJio","Indoor","Unknown","3","Satisfactory","30.1047898","78.2876454","Uttarakhand"
"RJio","Indoor","4G","3","Satisfactory","30.11197975","78.29282805","Uttarakhand"
"Airtel","Outdoor","4G","5","Satisfactory","12.82794155","77.65530503","Karnataka"
"Airtel","Indoor","4G","5","Satisfactory","12.9167662","77.6084042","Karnataka"
"RJio","Indoor","4G","1","Poor Voice Quality","-1","-1","NA"
"RJio","Indoor","4G","1","Poor Voice Quality","-1","-1","NA"
"RJio","Indoor","4G","4","Satisfactory","-1","-1","NA"
"RJio","Indoor","4G","1","Poor Voice Quality","-1","-1","NA"
"Airtel","Indoor","Unknown","5","Satisfactory","12.8274826","77.6560927","Karnataka"
"RJio","Indoor","4G","1","Poor Voice Quality","26.69354271","84.18839761","Uttar Pradesh"
"Airtel","Outdoor","Unknown","5","Satisfactory","12.83878677","77.65880133","Karnataka"
"RJio","Outdoor","Unknown","1","Poor Voice Quality","30.11197975","78.29282805","Uttarakhand"
"RJio","Outdoor","4G","3","Satisfactory","-1","-1","NA"
"RJio","Outdoor","4G","1","Poor Voice Quality","-1","-1","NA"
"RJio","Indoor","4G","3","Satisfactory","30.11197975","78.29282805","Uttarakhand"
"VI","Outdoor","Unknown","5","Satisfactory","19.04321857","73.02308528","Maharashtra"
"RJio","Travelling","4G","5","Satisfactory","23.03264945","79.01736838","Madhya Pradesh"
"RJio","Travelling","4G","5","Satisfactory","23.03290845","79.01745781","Madhya Pradesh"
"RJio","Indoor","4G","5","Satisfactory","15.87138333","74.50691333","Karnataka"
"RJio","Travelling","Unknown","5","Satisfactory","-1","-1","NA"
"Airtel","Indoor","4G","1","Call Dropped","-1","-1","NA"
"Airtel","Indoor","4G","1","Poor Voice Quality","-1","-1","NA"
"Airtel","Outdoor","4G","1","Poor Voice Quality","-1","-1","NA"
"Airtel","Outdoor","4G","1","Poor Voice Quality","-1","-1","NA"
"Airtel","Outdoor","4G","1","Poor Voice Quality","-1","-1","NA"
"Airtel","Outdoor","4G","1","Poor Voice Quality","-1","-1","NA"
"Airtel","Outdoor","4G","1","Poor Voice Quality","-1","-1","NA"
"Airtel","Outdoor","4G","1","Poor Voice Quality","-1","-1","NA"
"Airtel","Outdoor","4G","1","Poor Voice Quality","-1","-1","NA"
"Airtel","Outdoor","4G","1","Poor Voice Quality","-1","-1","NA"
"Airtel","Outdoor","4G","1","Poor Voice Quality","-1","-1","NA"
"Airtel","Outdoor","4G","1","Poor Voice Quality","-1","-1","NA"
"Airtel","Outdoor","4G","1","Poor Voice Quality","-1","-1","NA"
"Airtel","Indoor","4G","1","Call Dropped","-1","-1","NA"
"Airtel","Outdoor","4G","1","Poor Voice Quality","-1","-1","NA"
"RJio","Indoor","4G","1","Poor Voice Quality","-1","-1","NA"
"Airtel","Outdoor","4G","5","Satisfactory","12.81777512","77.69092571","Karnataka"
"Airtel","Outdoor","4G","5","Satisfactory","12.84629432","77.68117766","Karnataka"
"Airtel","Outdoor","4G","5","Satisfactory","12.84629432","77.68117766","Karnataka"
"Airtel","Travelling","4G","1","Poor Voice Quality","12.84650466","77.67122802","Karnataka"
"RJio","Indoor","4G","5","Satisfactory","12.8275084","77.6559817","Karnataka"
"RJio","Outdoor","4G","5","Satisfactory","12.8274662","77.656023","Karnataka"
"RJio","Travelling","4G","5","Satisfactory","23.03286977","79.01724961","Madhya Pradesh"
"RJio","Indoor","4G","3","Satisfactory","30.1155514","78.2817687","Uttarakhand"
"RJio","Indoor","Unknown","3","Satisfactory","30.1155514","78.2817687","Uttarakhand"
"RJio","Indoor","4G","3","Satisfactory","30.1154026","78.2819069","Uttarakhand"
"Airtel","Travelling","4G","1","Poor Voice Quality","12.84407043","77.67290548","Karnataka"
"Airtel","Outdoor","4G","5","Satisfactory","12.82782477","77.65633491","Karnataka"
"Airtel","Indoor","Unknown","5","Satisfactory","12.8274826","77.6560927","Karnataka"
"BSNL","Indoor","3G","3","Poor Voice Quality","22.655444","88.359524","West Bengal"
"RJio","Indoor","4G","5","Satisfactory","15.87289","74.50672833","Karnataka"
"RJio","Indoor","4G","4","Satisfactory","19.06957089","72.84651319","Maharashtra"
"RJio","Indoor","4G","3","Satisfactory","30.11197975","78.29282805","Uttarakhand"
"RJio","Travelling","4G","5","Satisfactory","23.03340223","79.0164778","Madhya Pradesh"
"VI","Travelling","4G","5","Satisfactory","10.21515741","76.37431132","Kerala"
"RJio","Outdoor","4G","1","Poor Voice Quality","-1","-1","NA"
"RJio","Outdoor","4G","1","Poor Voice Quality","-1","-1","NA"
"RJio","Indoor","4G","1","Poor Voice Quality","-1","-1","NA"
"RJio","Indoor","4G","1","Poor Voice Quality","-1","-1","NA"
"RJio","Outdoor","4G","1","Poor Voice Quality","-1","-1","NA"
"RJio","Indoor","4G","1","Poor Voice Quality","-1","-1","NA"
"RJio","Outdoor","4G","1","Poor Voice Quality","-1","-1","NA"
"RJio","Indoor","4G","1","Poor Voice Quality","-1","-1","NA"
"RJio","Outdoor","4G","1","Poor Voice Quality","-1","-1","NA"
"RJio","Indoor","4G","1","Poor Voice Quality","-1","-1","NA"
"RJio","Indoor","4G","1","Poor Voice Quality","-1","-1","NA"
"RJio","Outdoor","4G","1","Poor Voice Quality","-1","-1","NA"
"RJio","Indoor","4G","1","Poor Voice Quality","-1","-1","NA"
"RJio","Outdoor","4G","1","Poor Voice Quality","-1","-1","NA"
"Airtel","Indoor","2G","1","Poor Voice Quality","-1","-1","NA"
"VI","Indoor","4G","5","Satisfactory","9.9771025","76.3180753","Kerala"
"VI","Indoor","4G","1","Poor Voice Quality","20.92986794","78.97064033","Maharashtra"
"Airtel","Indoor","4G","1","Call Dropped","-1","-1","NA"
"Airtel","Outdoor","4G","1","Poor Voice Quality","-1","-1","NA"
"RJio","Indoor","4G","4","Satisfactory","19.06957089","72.84651319","Maharashtra"
"RJio","Outdoor","4G","3","Satisfactory","30.11197975","78.29282805","Uttarakhand"
"RJio","Indoor","4G","5","Satisfactory","17.49537667","78.339","Telangana"
"RJio","Indoor","4G","5","Satisfactory","17.49537667","78.339","Telangana"
"RJio","Indoor","4G","3","Satisfactory","30.1155452","78.2817827","Uttarakhand"
"Airtel","Indoor","2G","4","Satisfactory","12.907285","77.72096333","Karnataka"
"RJio","Outdoor","4G","1","Poor Voice Quality","-1","-1","NA"
"RJio","Indoor","4G","1","Poor Voice Quality","-1","-1","NA"
"RJio","Outdoor","4G","1","Poor Voice Quality","-1","-1","NA"
"RJio","Outdoor","4G","1","Poor Voice Quality","-1","-1","NA"
"Airtel","Indoor","4G","3","Satisfactory","-1","-1","NA"
"RJio","Indoor","Unknown","3","Satisfactory","30.1047877","78.2876402","Uttarakhand"
"RJio","Indoor","4G","3","Satisfactory","30.1047877","78.2876402","Uttarakhand"
"Airtel","Indoor","4G","5","Satisfactory","-1","-1","NA"
"Airtel","Outdoor","4G","5","Satisfactory","-1","-1","NA"
"Airtel","Travelling","4G","1","Poor Voice Quality","16.48215798","81.1516784","Andhra Pradesh"
"Airtel","Indoor","4G","5","Satisfactory","-1","-1","NA"
"Airtel","Indoor","4G","5","Satisfactory","-1","-1","NA"
"RJio","Indoor","4G","5","Satisfactory","17.46985667","78.41498833","Telangana"
"BSNL","Indoor","Unknown","4","Satisfactory","22.6554508","88.3595191","West Bengal"
"Airtel","Indoor","4G","5","Satisfactory","-1","-1","NA"
"RJio","Indoor","4G","5","Satisfactory","12.9566145","77.4896414","Karnataka"
"Airtel","Indoor","4G","3","Poor Voice Quality","-1","-1","NA"
"Airtel","Outdoor","4G","5","Satisfactory","-1","-1","NA"
"Airtel","Indoor","4G","5","Satisfactory","-1","-1","NA"
"RJio","Indoor","4G","3","Satisfactory","30.1155476","78.2817746","Uttarakhand"
"Airtel","Indoor","Unknown","2","Poor Voice Quality","-1","-1","NA"
"BSNL","Outdoor","3G","4","Satisfactory","22.64629841","88.36889505","West Bengal"
"BSNL","Indoor","3G","4","Satisfactory","22.64629841","88.36889505","West Bengal"
"RJio","Outdoor","4G","5","Satisfactory","-1","-1","NA"
"RJio","Indoor","4G","3","Satisfactory","30.1047888","78.2876622","Uttarakhand"
"RJio","Indoor","4G","3","Satisfactory","30.104789","78.2876603","Uttarakhand"
"Airtel","Indoor","Unknown","5","Satisfactory","12.9566398","77.4896708","Karnataka"
"Airtel","Indoor","4G","1","Poor Voice Quality","12.9020413","77.6960708","Karnataka"
"RJio","Outdoor","4G","5","Satisfactory","-1","-1","NA"
"RJio","Indoor","4G","5","Satisfactory","-1","-1","NA"
"RJio","Indoor","4G","5","Satisfactory","12.95658651","77.48984074","Karnataka"
"RJio","Outdoor","4G","3","Satisfactory","-1","-1","NA"
"BSNL","Indoor","3G","4","Satisfactory","22.6554424","88.3595282","West Bengal"
"Airtel","Indoor","4G","5","Satisfactory","-1","-1","NA"
"RJio","Outdoor","4G","4","Satisfactory","-1","-1","NA"
"RJio","Travelling","4G","3","Satisfactory","-1","-1","NA"
"RJio","Travelling","4G","5","Satisfactory","23.03278486","79.01754121","Madhya Pradesh"
"RJio","Travelling","4G","5","Satisfactory","23.03272958","79.01734533","Madhya Pradesh"
"RJio","Indoor","4G","5","Satisfactory","13.0724609","77.5047276","Karnataka"
"RJio","Indoor","4G","5","Satisfactory","17.47419167","78.42026333","Telangana"
"BSNL","Indoor","3G","4","Satisfactory","22.6554424","88.3595282","West Bengal"
"Airtel","Indoor","4G","3","Satisfactory","-1","-1","NA"
"VI","Outdoor","4G","1","Poor Voice Quality","21.12309695","79.06785321","Maharashtra"
"VI","Outdoor","4G","1","Call Dropped","21.12309695","79.06785321","Maharashtra"
"VI","Indoor","Unknown","2","Poor Voice Quality","21.122978","79.06792523","Maharashtra"
"RJio","Outdoor","4G","3","Satisfactory","30.10488733","78.28769106","Uttarakhand"
"RJio","Indoor","4G","3","Satisfactory","30.10488733","78.28769106","Uttarakhand"
"RJio","Travelling","4G","5","Satisfactory","23.03278071","79.01727458","Madhya Pradesh"
"VI","Indoor","4G","5","Satisfactory","-1","-1","NA"
"Airtel","Indoor","Unknown","5","Satisfactory","12.96550127","77.50462205","Karnataka"
"Airtel","Indoor","Unknown","5","Satisfactory","12.9566169","77.4896389","Karnataka"
"RJio","Indoor","4G","3","Satisfactory","30.10488733","78.28769106","Uttarakhand"
"Airtel","Indoor","4G","5","Satisfactory","-1","-1","NA"
"Airtel","Indoor","4G","5","Satisfactory","-1","-1","NA"
"Airtel","Indoor","4G","5","Satisfactory","-1","-1","NA"
"RJio","Indoor","4G","5","Satisfactory","-1","-1","NA"
"Airtel","Outdoor","4G","5","Satisfactory","-1","-1","NA"
"VI","Indoor","4G","5","Satisfactory","-1","-1","NA"
"Airtel","Outdoor","4G","5","Satisfactory","-1","-1","NA"
"Airtel","Outdoor","4G","5","Satisfactory","-1","-1","NA"
"RJio","Indoor","Unknown","1","Poor Voice Quality","30.1142882","78.28384302","Uttarakhand"
"RJio","Indoor","4G","3","Satisfactory","30.1142882","78.28384302","Uttarakhand"
"Airtel","Outdoor","4G","5","Satisfactory","-1","-1","NA"
"Airtel","Outdoor","4G","5","Satisfactory","-1","-1","NA"
"Airtel","Outdoor","4G","5","Satisfactory","-1","-1","NA"
"Airtel","Outdoor","4G","5","Satisfactory","-1","-1","NA"
"Airtel","Indoor","4G","5","Satisfactory","-1","-1","NA"
"RJio","Indoor","4G","5","Satisfactory","15.86618667","74.51823333","Karnataka"
"RJio","Indoor","Unknown","3","Satisfactory","30.1155414","78.28183028","Uttarakhand"
"Airtel","Indoor","4G","5","Satisfactory","-1","-1","NA"
"Airtel","Indoor","4G","5","Satisfactory","-1","-1","NA"
"BSNL","Indoor","3G","3","Satisfactory","-1","-1","NA"
"RJio","Outdoor","4G","5","Satisfactory","-1","-1","NA"
"BSNL","Indoor","Unknown","4","Satisfactory","22.6554368","88.3595276","West Bengal"
"RJio","Travelling","4G","5","Satisfactory","23.03274295","79.01734231","Madhya Pradesh"
"RJio","Travelling","4G","5","Satisfactory","23.03274295","79.01734231","Madhya Pradesh"
"RJio","Indoor","4G","3","Satisfactory","30.104737","78.28768188","Uttarakhand"
"BSNL","Indoor","3G","3","Satisfactory","22.6554403","88.3595179","West Bengal"
"VI","Indoor","4G","5","Satisfactory","-1","-1","NA"
"RJio","Indoor","Unknown","3","Satisfactory","30.104737","78.28768188","Uttarakhand"
"RJio","Outdoor","4G","3","Satisfactory","30.104737","78.28768188","Uttarakhand"
"RJio","Outdoor","4G","1","Poor Voice Quality","-1","-1","NA"
"RJio","Indoor","4G","1","Poor Voice Quality","-1","-1","NA"
"RJio","Outdoor","4G","1","Poor Voice Quality","-1","-1","NA"
"RJio","Outdoor","4G","1","Poor Voice Quality","-1","-1","NA"
"RJio","Outdoor","4G","1","Poor Voice Quality","-1","-1","NA"
"RJio","Outdoor","4G","1","Poor Voice Quality","-1","-1","NA"
"BSNL","Indoor","3G","4","Satisfactory","22.6554368","88.3595268","West Bengal"
"BSNL","Indoor","3G","4","Satisfactory","22.6554368","88.3595268","West Bengal"
"BSNL","Indoor","3G","4","Satisfactory","22.6554368","88.3595268","West Bengal"
"RJio","Indoor","4G","1","Poor Voice Quality","-1","-1","NA"
"RJio","Indoor","4G","1","Poor Voice Quality","-1","-1","NA"
"RJio","Outdoor","4G","2","Poor Voice Quality","-1","-1","NA"
"RJio","Outdoor","4G","2","Poor Voice Quality","-1","-1","NA"
"RJio","Outdoor","4G","2","Poor Voice Quality","-1","-1","NA"
"RJio","Outdoor","4G","2","Poor Voice Quality","-1","-1","NA"
"RJio","Indoor","4G","2","Poor Voice Quality","-1","-1","NA"
"RJio","Indoor","4G","2","Poor Voice Quality","-1","-1","NA"
"RJio","Outdoor","4G","2","Poor Voice Quality","-1","-1","NA"
"RJio","Outdoor","4G","2","Poor Voice Quality","-1","-1","NA"
"RJio","Outdoor","4G","2","Poor Voice Quality","-1","-1","NA"
"RJio","Outdoor","4G","1","Poor Voice Quality","-1","-1","NA"
"RJio","Outdoor","4G","2","Poor Voice Quality","-1","-1","NA"
"RJio","Outdoor","4G","2","Poor Voice Quality","-1","-1","NA"
"RJio","Outdoor","4G","1","Poor Voice Quality","-1","-1","NA"
"VI","Indoor","Unknown","1","Poor Voice Quality","21.12321177","79.06791276","Maharashtra"
"RJio","Indoor","4G","5","Satisfactory","12.9566134","77.4895996","Karnataka"
"RJio","Indoor","4G","5","Satisfactory","12.9566078","77.4896844","Karnataka"
"RJio","Indoor","3G","2","Poor Voice Quality","20.5580421","74.5282017","Maharashtra"
"RJio","Travelling","3G","1","Poor Voice Quality","20.5572505","74.5274692","Maharashtra"
"RJio","Indoor","4G","5","Satisfactory","12.95655007","77.48969927","Karnataka"
"RJio","Indoor","4G","1","Call Dropped","12.95655007","77.48969927","Karnataka"
"RJio","Travelling","4G","5","Satisfactory","12.95655007","77.48969927","Karnataka"
"RJio","Indoor","4G","5","Satisfactory","12.95655007","77.48969927","Karnataka"
"RJio","Indoor","4G","5","Satisfactory","12.95655007","77.48969927","Karnataka"
"RJio","Indoor","4G","1","Call Dropped","12.95655007","77.48969927","Karnataka"
"RJio","Indoor","4G","5","Satisfactory","12.95655007","77.48969927","Karnataka"
"RJio","Indoor","4G","1","Poor Voice Quality","-1","-1","NA"
"RJio","Outdoor","4G","1","Poor Voice Quality","-1","-1","NA"
"RJio","Indoor","4G","5","Satisfactory","12.95656811","77.48969446","Karnataka"
"RJio","Indoor","4G","5","Satisfactory","12.95655007","77.48969927","Karnataka"
"RJio","Outdoor","4G","1","Poor Voice Quality","-1","-1","NA"
"RJio","Indoor","4G","3","Satisfactory","30.10490755","78.28770225","Uttarakhand"
"VI","Outdoor","2G","4","Satisfactory","20.3819751","72.9095256","Gujarat"
"RJio","Indoor","4G","3","Satisfactory","30.10490755","78.28770225","Uttarakhand"
"RJio","Outdoor","4G","3","Satisfactory","30.10490755","78.28770225","Uttarakhand"
"VI","Indoor","4G","3","Poor Voice Quality","20.40099264","72.89050334","Gujarat"
"VI","Outdoor","Unknown","5","Satisfactory","19.06539025","73.00268716","Maharashtra"
"RJio","Travelling","4G","5","Satisfactory","-1","-1","NA"
"VI","Outdoor","Unknown","5","Satisfactory","19.06580776","73.00222584","Maharashtra"
"VI","Outdoor","Unknown","5","Satisfactory","19.06580776","73.00222584","Maharashtra"
"RJio","Indoor","4G","4","Satisfactory","-1","-1","NA"
"VI","Indoor","4G","5","Satisfactory","20.39058112","72.90636012","Gujarat"
"RJio","Travelling","Unknown","5","Satisfactory","-1","-1","NA"
"VI","Indoor","4G","5","Satisfactory","20.39058112","72.90636012","Gujarat"
"VI","Indoor","4G","5","Satisfactory","20.39058112","72.90636012","Gujarat"
"RJio","Indoor","4G","3","Satisfactory","30.10475964","78.28776494","Uttarakhand"
"Airtel","Outdoor","4G","3","Poor Voice Quality","28.6983955","77.4345411","Uttar Pradesh"
"VI","Indoor","4G","5","Satisfactory","20.39058112","72.90636012","Gujarat"
"VI","Indoor","4G","5","Satisfactory","20.39058112","72.90636012","Gujarat"
"VI","Indoor","4G","5","Satisfactory","20.39058112","72.90636012","Gujarat"
"RJio","Travelling","Unknown","5","Satisfactory","-1","-1","NA"
"RJio","Indoor","4G","4","Satisfactory","26.8904263","75.808629","Rajasthan"
"VI","Indoor","4G","5","Satisfactory","20.39058112","72.90636012","Gujarat"
"VI","Indoor","4G","5","Satisfactory","20.39058112","72.90636012","Gujarat"
"RJio","Indoor","4G","4","Satisfactory","26.8904084","75.8086165","Rajasthan"
"VI","Indoor","4G","5","Satisfactory","20.39058112","72.90636012","Gujarat"
"Airtel","Indoor","4G","1","Poor Voice Quality","16.4814843","81.1501129","Andhra Pradesh"
"RJio","Travelling","Unknown","5","Satisfactory","-1","-1","NA"
"RJio","Indoor","Unknown","3","Satisfactory","30.10654781","78.29692115","Uttarakhand"
"RJio","Travelling","Unknown","5","Satisfactory","-1","-1","NA"
"RJio","Indoor","4G","3","Satisfactory","30.10654781","78.29692115","Uttarakhand"
"RJio","Indoor","4G","3","Satisfactory","30.10654781","78.29692115","Uttarakhand"
"RJio","Indoor","4G","3","Satisfactory","30.10654781","78.29692115","Uttarakhand"
"RJio","Travelling","4G","3","Satisfactory","-1","-1","NA"
"RJio","Indoor","Unknown","3","Satisfactory","30.10654781","78.29692115","Uttarakhand"
"RJio","Indoor","4G","1","Poor Voice Quality","-1","-1","NA"
"RJio","Indoor","4G","1","Poor Voice Quality","-1","-1","NA"
"RJio","Indoor","4G","1","Poor Voice Quality","-1","-1","NA"
"RJio","Indoor","4G","1","Poor Voice Quality","-1","-1","NA"
"BSNL","Indoor","Unknown","5","Satisfactory","26.91515731","81.00771777","Uttar Pradesh"
"Airtel","Indoor","4G","5","Satisfactory","26.9150853","81.0077041","Uttar Pradesh"
"VI","Outdoor","4G","5","Satisfactory","20.3768954","72.9071132","Gujarat"
"BSNL","Indoor","3G","4","Satisfactory","-1","-1","NA"
"BSNL","Indoor","3G","4","Satisfactory","22.6554452","88.3595201","West Bengal"
"RJio","Indoor","4G","5","Satisfactory","12.95777367","77.48668024","Karnataka"
"RJio","Indoor","Unknown","2","Poor Voice Quality","30.16682443","78.21291461","Uttarakhand"
"VI","Indoor","4G","5","Satisfactory","20.3918757","72.9064525","Gujarat"
"VI","Outdoor","Unknown","5","Satisfactory","19.06512651","73.00291462","Maharashtra"
"VI","Indoor","4G","5","Satisfactory","20.3918757","72.9064525","Gujarat"
"VI","Outdoor","Unknown","5","Satisfactory","19.06582929","73.00187674","Maharashtra"
"BSNL","Indoor","3G","2","Call Dropped","22.6554552","88.3595193","West Bengal"
"BSNL","Indoor","Unknown","2","Call Dropped","22.6554552","88.3595193","West Bengal"
"RJio","Outdoor","Unknown","4","Satisfactory","30.16682443","78.21291461","Uttarakhand"
"RJio","Outdoor","4G","3","Satisfactory","30.16682443","78.21291461","Uttarakhand"
"RJio","Indoor","4G","3","Satisfactory","30.16682443","78.21291461","Uttarakhand"
"RJio","Outdoor","4G","3","Satisfactory","30.16682443","78.21291461","Uttarakhand"
"RJio","Indoor","4G","3","Satisfactory","30.16682443","78.21291461","Uttarakhand"
"RJio","Indoor","Unknown","3","Satisfactory","30.16682443","78.21291461","Uttarakhand"
"VI","Outdoor","Unknown","5","Satisfactory","19.0658293","73.00228601","Maharashtra"
"RJio","Outdoor","4G","3","Satisfactory","30.16682443","78.21291461","Uttarakhand"
"RJio","Indoor","4G","4","Satisfactory","26.890344","75.8085887","Rajasthan"
"Airtel","Indoor","4G","1","Poor Voice Quality","16.4814843","81.1501129","Andhra Pradesh"
"Airtel","Outdoor","2G","2","Poor Voice Quality","-1","-1","NA"
"Airtel","Outdoor","2G","4","Satisfactory","-1","-1","NA"
"VI","Indoor","4G","3","Poor Voice Quality","20.39774411","72.89102453","Gujarat"
"BSNL","Indoor","4G","5","Satisfactory","26.83184053","80.9505963","Uttar Pradesh"
"Airtel","Outdoor","4G","1","Call Dropped","25.42490515","86.13611212","Bihar"
"VI","Indoor","4G","5","Satisfactory","20.38061427","72.90784788","Gujarat"
"RJio","Indoor","4G","3","Satisfactory","30.16682443","78.21291461","Uttarakhand"
"RJio","Indoor","4G","3","Satisfactory","30.16682443","78.21291461","Uttarakhand"
"RJio","Indoor","4G","3","Satisfactory","30.16682443","78.21291461","Uttarakhand"
"RJio","Indoor","4G","3","Satisfactory","30.16682443","78.21291461","Uttarakhand"
"BSNL","Indoor","3G","3","Satisfactory","22.6554422","88.3595233","West Bengal"
"RJio","Travelling","4G","1","Poor Voice Quality","-1","-1","NA"
"BSNL","Travelling","Unknown","5","Satisfactory","26.87531244","80.99564806","Uttar Pradesh"
"RJio","Indoor","Unknown","3","Satisfactory","30.16682443","78.21291461","Uttarakhand"
"RJio","Indoor","Unknown","3","Satisfactory","30.16682443","78.21291461","Uttarakhand"
"RJio","Indoor","4G","3","Satisfactory","30.16682443","78.21291461","Uttarakhand"
"RJio","Indoor","4G","3","Satisfactory","30.16682443","78.21291461","Uttarakhand"
"RJio","Indoor","4G","3","Satisfactory","30.16682443","78.21291461","Uttarakhand"
"Airtel","Indoor","Unknown","1","Poor Voice Quality","-1","-1","NA"
"BSNL","Indoor","3G","4","Satisfactory","22.6554449","88.3595264","West Bengal"
"VI","Outdoor","Unknown","5","Satisfactory","19.06529196","73.00274047","Maharashtra"
"VI","Outdoor","Unknown","5","Satisfactory","19.06529196","73.00274047","Maharashtra"
"RJio","Outdoor","4G","3","Satisfactory","30.16682443","78.21291461","Uttarakhand"
"RJio","Outdoor","4G","3","Satisfactory","30.16682443","78.21291461","Uttarakhand"
"Airtel","Outdoor","4G","1","Poor Voice Quality","21.52559995","80.48116529","Maharashtra"
"Airtel","Outdoor","Unknown","1","Call Dropped","-1","-1","NA"
"Airtel","Indoor","Unknown","1","Poor Voice Quality","-1","-1","NA"
"Airtel","Outdoor","4G","1","Poor Voice Quality","-1","-1","NA"
"Airtel","Outdoor","4G","1","Poor Voice Quality","-1","-1","NA"
"RJio","Outdoor","4G","1","Call Dropped","-1","-1","NA"
"VI","Outdoor","Unknown","5","Satisfactory","19.07184844","72.99693909","Maharashtra"
"VI","Outdoor","Unknown","5","Satisfactory","19.07199349","72.99746788","Maharashtra"
"Airtel","Outdoor","4G","1","Poor Voice Quality","-1","-1","NA"
"VI","Outdoor","Unknown","5","Satisfactory","19.07038213","72.99768576","Maharashtra"
"VI","Outdoor","Unknown","5","Satisfactory","19.07038213","72.99768576","Maharashtra"
"RJio","Outdoor","Unknown","3","Satisfactory","30.1152456","78.28402641","Uttarakhand"
"Airtel","Outdoor","4G","1","Poor Voice Quality","-1","-1","NA"
"Airtel","Outdoor","4G","1","Poor Voice Quality","-1","-1","NA"
"VI","Outdoor","Unknown","5","Satisfactory","19.14170485","72.93209855","Maharashtra"
"VI","Outdoor","4G","5","Satisfactory","19.07187996","72.99774898","Maharashtra"
"Airtel","Outdoor","4G","1","Poor Voice Quality","-1","-1","NA"
"Airtel","Outdoor","4G","1","Poor Voice Quality","-1","-1","NA"
"Airtel","Outdoor","Unknown","1","Call Dropped","-1","-1","NA"
"VI","Outdoor","Unknown","5","Satisfactory","19.0712231","72.9967373","Maharashtra"
"VI","Outdoor","Unknown","5","Satisfactory","19.07074115","72.99723258","Maharashtra"
"RJio","Indoor","4G","1","Poor Voice Quality","30.11060825","78.29445909","Uttarakhand"
"VI","Outdoor","Unknown","5","Satisfactory","19.07074115","72.99723258","Maharashtra"
"RJio","Travelling","4G","3","Satisfactory","16.72520501","75.06558479","Karnataka"
"RJio","Indoor","4G","3","Satisfactory","-1","-1","NA"
"RJio","Indoor","4G","3","Poor Voice Quality","-1","-1","NA"
"RJio","Indoor","4G","3","Poor Voice Quality","-1","-1","NA"
"RJio","Indoor","4G","3","Poor Voice Quality","16.7251788","75.0655887","Karnataka"
"RJio","Indoor","4G","3","Poor Voice Quality","-1","-1","NA"
"RJio","Indoor","4G","3","Poor Voice Quality","16.7251801","75.0655868","Karnataka"
"RJio","Indoor","4G","3","Poor Voice Quality","16.7251834","75.0654412","Karnataka"
"RJio","Indoor","4G","3","Poor Voice Quality","-1","-1","NA"
"RJio","Indoor","4G","3","Poor Voice Quality","-1","-1","NA"
"RJio","Indoor","4G","3","Poor Voice Quality","-1","-1","NA"
"RJio","Indoor","4G","3","Poor Voice Quality","16.7251782","75.0655801","Karnataka"
"RJio","Outdoor","4G","3","Satisfactory","-1","-1","NA"
"RJio","Indoor","4G","3","Poor Voice Quality","16.7251823","75.0655909","Karnataka"
"RJio","Travelling","4G","3","Satisfactory","-1","-1","NA"
"RJio","Indoor","4G","3","Poor Voice Quality","-1","-1","NA"
"RJio","Indoor","4G","3","Poor Voice Quality","-1","-1","NA"
"RJio","Indoor","4G","3","Poor Voice Quality","16.7251859","75.0655797","Karnataka"
"RJio","Indoor","4G","3","Poor Voice Quality","-1","-1","NA"
"RJio","Indoor","4G","2","Poor Voice Quality","-1","-1","NA"
"RJio","Indoor","4G","3","Poor Voice Quality","-1","-1","NA"
"RJio","Indoor","4G","3","Poor Voice Quality","-1","-1","NA"
"RJio","Indoor","4G","3","Poor Voice Quality","-1","-1","NA"
"RJio","Indoor","4G","3","Poor Voice Quality","-1","-1","NA"
"RJio","Indoor","4G","3","Poor Voice Quality","-1","-1","NA"
"BSNL","Indoor","Unknown","3","Poor Voice Quality","-1","-1","NA"
"RJio","Indoor","4G","3","Poor Voice Quality","-1","-1","NA"
"RJio","Indoor","4G","3","Poor Voice Quality","-1","-1","NA"
"RJio","Indoor","4G","3","Poor Voice Quality","-1","-1","NA"
"RJio","Indoor","4G","3","Poor Voice Quality","-1","-1","NA"
"RJio","Indoor","4G","3","Poor Voice Quality","-1","-1","NA"
"RJio","Travelling","4G","3","Satisfactory","16.7251848","75.0655871","Karnataka"
"RJio","Indoor","4G","3","Poor Voice Quality","-1","-1","NA"
"RJio","Indoor","4G","3","Poor Voice Quality","16.730005","75.0677042","Karnataka"
"RJio","Indoor","4G","3","Poor Voice Quality","16.7251844","75.0655883","Karnataka"
"RJio","Indoor","4G","3","Poor Voice Quality","16.7251845","75.0655881","Karnataka"
"RJio","Indoor","4G","3","Poor Voice Quality","-1","-1","NA"
"RJio","Indoor","4G","3","Poor Voice Quality","-1","-1","NA"
"RJio","Indoor","4G","3","Satisfactory","-1","-1","NA"
"RJio","Indoor","4G","3","Poor Voice Quality","-1","-1","NA"
"RJio","Indoor","4G","3","Poor Voice Quality","-1","-1","NA"
"RJio","Indoor","4G","3","Poor Voice Quality","-1","-1","NA"
"RJio","Indoor","4G","3","Poor Voice Quality","16.725187","75.0655613","Karnataka"
"RJio","Indoor","4G","3","Poor Voice Quality","-1","-1","NA"
"RJio","Indoor","4G","3","Poor Voice Quality","-1","-1","NA"
"RJio","Indoor","4G","3","Poor Voice Quality","-1","-1","NA"
"RJio","Travelling","4G","3","Poor Voice Quality","-1","-1","NA"
"RJio","Indoor","4G","3","Poor Voice Quality","15.8618284","74.5212435","Karnataka"
"RJio","Indoor","4G","3","Poor Voice Quality","-1","-1","NA"
"RJio","Indoor","4G","3","Poor Voice Quality","-1","-1","NA"
"RJio","Indoor","4G","3","Poor Voice Quality","-1","-1","NA"
"RJio","Indoor","4G","3","Poor Voice Quality","-1","-1","NA"
"RJio","Indoor","4G","3","Poor Voice Quality","16.7251702","75.0655911","Karnataka"
"BSNL","Outdoor","3G","3","Satisfactory","22.6554418","88.3595308","West Bengal"
"VI","Outdoor","Unknown","5","Satisfactory","19.06932746","72.99621617","Maharashtra"
"VI","Indoor","Unknown","1","Poor Voice Quality","19.06932746","72.99621617","Maharashtra"
"VI","Outdoor","Unknown","5","Satisfactory","19.06932746","72.99621617","Maharashtra"
"BSNL","Outdoor","3G","3","Satisfactory","22.58799791","88.36709261","West Bengal"
"BSNL","Outdoor","3G","4","Satisfactory","22.58500119","88.36668555","West Bengal"
"VI","Outdoor","Unknown","5","Satisfactory","19.06932746","72.99621617","Maharashtra"
"VI","Outdoor","Unknown","5","Satisfactory","19.06542876","73.00274012","Maharashtra"
"RJio","Travelling","4G","4","Satisfactory","-1","-1","NA"
"VI","Outdoor","Unknown","5","Satisfactory","19.07043319","72.99748935","Maharashtra"
"BSNL","Indoor","3G","4","Satisfactory","22.58500119","88.36668555","West Bengal"
"BSNL","Travelling","Unknown","1","Poor Voice Quality","-1","-1","NA"
"RJio","Indoor","4G","3","Satisfactory","30.115503","78.281945","Uttarakhand"
"RJio","Indoor","4G","5","Satisfactory","12.95659393","77.48974137","Karnataka"
"RJio","Indoor","4G","4","Satisfactory","26.90439457","75.7998772","Rajasthan"
"RJio","Indoor","Unknown","1","Poor Voice Quality","30.115503","78.281945","Uttarakhand"
"RJio","Outdoor","4G","3","Satisfactory","30.11545782","78.28188131","Uttarakhand"
"RJio","Indoor","4G","1","Poor Voice Quality","30.11545782","78.28188131","Uttarakhand"
"RJio","Indoor","4G","2","Poor Voice Quality","30.11545782","78.28188131","Uttarakhand"
"VI","Outdoor","Unknown","2","Poor Voice Quality","-1","-1","NA"
"RJio","Indoor","4G","3","Satisfactory","30.11545782","78.28188131","Uttarakhand"
"RJio","Outdoor","4G","1","Call Dropped","26.90439457","75.7998772","Rajasthan"
"RJio","Indoor","4G","3","Satisfactory","30.1155489","78.2817724","Uttarakhand"
"Airtel","Indoor","4G","1","Poor Voice Quality","10.78827247","76.0475963","Kerala"
"Airtel","Indoor","4G","4","Satisfactory","10.78832146","76.04786779","Kerala"
"Airtel","Indoor","4G","2","Poor Voice Quality","16.48201184","81.15151692","Andhra Pradesh"
"Airtel","Outdoor","4G","1","Call Dropped","-1","-1","NA"
"VI","Outdoor","Unknown","5","Satisfactory","19.07110337","72.99658421","Maharashtra"
"Airtel","Indoor","4G","4","Satisfactory","-1","-1","NA"
"Airtel","Outdoor","4G","5","Satisfactory","-1","-1","NA"
"RJio","Indoor","Unknown","3","Satisfactory","30.1155451","78.2817791","Uttarakhand"
"RJio","Travelling","4G","5","Satisfactory","23.0327388","79.01734633","Madhya Pradesh"
"BSNL","Travelling","4G","5","Satisfactory","26.83212477","80.95094048","Uttar Pradesh"
"BSNL","Travelling","Unknown","5","Satisfactory","26.83191766","80.95057125","Uttar Pradesh"
"VI","Indoor","Unknown","5","Satisfactory","19.06835624","73.0022052","Maharashtra"
"RJio","Travelling","Unknown","5","Satisfactory","-1","-1","NA"
"Airtel","Indoor","4G","4","Satisfactory","10.80096045","76.23081707","Kerala"
"VI","Travelling","3G","1","Call Dropped","23.3402305","73.5383231","Gujarat"
"VI","Travelling","4G","1","Call Dropped","23.28296634","73.58849713","Gujarat"
"VI","Travelling","4G","1","Poor Voice Quality","25.61050711","74.59580629","Rajasthan"
"BSNL","Travelling","3G","5","Satisfactory","11.73596443","79.0168929","Tamil Nadu"
"VI","Outdoor","4G","2","Poor Voice Quality","25.83784752","74.61676308","Rajasthan"
"VI","Travelling","4G","1","Call Dropped","25.83784752","74.61676308","Rajasthan"
"VI","Indoor","Unknown","5","Satisfactory","19.07153495","72.9967625","Maharashtra"
"RJio","Outdoor","Unknown","1","Poor Voice Quality","30.10832501","78.29317484","Uttarakhand"
"RJio","Outdoor","4G","3","Satisfactory","30.10832501","78.29317484","Uttarakhand"
"RJio","Indoor","4G","3","Satisfactory","30.10832501","78.29317484","Uttarakhand"
"VI","Indoor","Unknown","5","Satisfactory","19.1467935","72.93446884","Maharashtra"
"Airtel","Travelling","Unknown","1","Call Dropped","-1","-1","NA"
"RJio","Outdoor","4G","1","Poor Voice Quality","-1","-1","NA"
"RJio","Outdoor","4G","1","Poor Voice Quality","-1","-1","NA"
"RJio","Indoor","4G","3","Satisfactory","30.1085937","78.29354401","Uttarakhand"
"Airtel","Indoor","4G","5","Satisfactory","-1","-1","NA"
"RJio","Travelling","4G","1","Call Dropped","-1","-1","NA"
"BSNL","Travelling","4G","5","Satisfactory","26.8321292","80.95076156","Uttar Pradesh"
"Airtel","Outdoor","Unknown","1","Poor Voice Quality","-1","-1","NA"
"RJio","Indoor","4G","4","Satisfactory","26.90863238","75.8029407","Rajasthan"
"RJio","Indoor","4G","4","Satisfactory","26.90863238","75.8029407","Rajasthan"
"RJio","Indoor","4G","3","Satisfactory","30.1085937","78.29354401","Uttarakhand"
"RJio","Indoor","4G","3","Satisfactory","30.1085937","78.29354401","Uttarakhand"
"VI","Indoor","4G","5","Satisfactory","-1","-1","NA"
"VI","Outdoor","4G","5","Satisfactory","-1","-1","NA"
"VI","Travelling","4G","5","Satisfactory","-1","-1","NA"
"VI","Outdoor","4G","5","Satisfactory","-1","-1","NA"
"VI","Indoor","4G","5","Satisfactory","-1","-1","NA"
"VI","Travelling","4G","5","Satisfactory","-1","-1","NA"
"VI","Outdoor","4G","5","Satisfactory","-1","-1","NA"
"VI","Indoor","4G","5","Satisfactory","-1","-1","NA"
"VI","Outdoor","4G","5","Satisfactory","-1","-1","NA"
"VI","Indoor","4G","5","Satisfactory","-1","-1","NA"
"VI","Indoor","4G","5","Satisfactory","-1","-1","NA"
"VI","Indoor","4G","5","Satisfactory","-1","-1","NA"
"VI","Outdoor","4G","5","Satisfactory","-1","-1","NA"
"VI","Travelling","4G","5","Satisfactory","-1","-1","NA"
"VI","Indoor","4G","5","Satisfactory","-1","-1","NA"
"VI","Outdoor","Unknown","5","Satisfactory","19.07161425","72.99670466","Maharashtra"
"VI","Outdoor","Unknown","5","Satisfactory","19.07161132","72.99671149","Maharashtra"
"VI","Outdoor","Unknown","5","Satisfactory","19.0693078","72.9998045","Maharashtra"
"VI","Outdoor","Unknown","5","Satisfactory","19.07161132","72.99671149","Maharashtra"
"VI","Outdoor","Unknown","5","Satisfactory","19.07161132","72.99671149","Maharashtra"
"RJio","Indoor","Unknown","2","Poor Voice Quality","30.1085937","78.29354401","Uttarakhand"
"BSNL","Travelling","Unknown","5","Satisfactory","26.91501061","81.00773907","Uttar Pradesh"
"BSNL","Travelling","Unknown","5","Satisfactory","26.91501061","81.00773907","Uttar Pradesh"
"RJio","Indoor","4G","4","Satisfactory","26.9144322","75.7989054","Rajasthan"
"RJio","Outdoor","4G","4","Satisfactory","26.89044017","75.81028719","Rajasthan"
"RJio","Outdoor","4G","3","Satisfactory","30.1085937","78.29354401","Uttarakhand"
"VI","Outdoor","Unknown","5","Satisfactory","19.0666701","72.99808033","Maharashtra"
"Airtel","Outdoor","Unknown","1","Call Dropped","-1","-1","NA"
"Airtel","Outdoor","Unknown","1","Call Dropped","-1","-1","NA"
"Airtel","Outdoor","Unknown","1","Call Dropped","-1","-1","NA"
"BSNL","Travelling","4G","5","Satisfactory","26.91501061","81.00773907","Uttar Pradesh"
"BSNL","Travelling","Unknown","5","Satisfactory","26.91501061","81.00773907","Uttar Pradesh"
"BSNL","Travelling","Unknown","5","Satisfactory","26.87282447","80.99163036","Uttar Pradesh"
"RJio","Travelling","4G","4","Satisfactory","26.89044017","75.81028719","Rajasthan"
"RJio","Travelling","4G","5","Satisfactory","23.03270867","79.01737156","Madhya Pradesh"
"RJio","Travelling","4G","4","Satisfactory","26.89044017","75.81028719","Rajasthan"
